,year,gender,job_satisfaction,gender_label,satisfaction_label,decade
31,1972,2,1,Female,Very Satisfied,1970
89,1972,2,4,Female,Very Dissatisfied,1970
152,1972,2,1,Female,Very Satisfied,1970
167,1972,2,2,Female,Moderately Satisfied,1970
223,1972,2,3,Female,A Little Dissatisfied,1970
230,1972,2,3,Female,A Little Dissatisfied,1970
373,1972,2,2,Female,Moderately Satisfied,1970
481,1972,2,2,Female,Moderately Satisfied,1970
495,1972,2,1,Female,Very Satisfied,1970
511,1972,2,1,Female,Very Satisfied,1970
588,1972,2,2,Female,Moderately Satisfied,1970
691,1972,2,2,Female,Moderately Satisfied,1970
760,1972,2,3,Female,A Little Dissatisfied,1970
761,1972,2,1,Female,Very Satisfied,1970
821,1972,1,2,Male,Moderately Satisfied,1970
948,1972,1,1,Male,Very Satisfied,1970
949,1972,2,1,Female,Very Satisfied,1970
1009,1972,2,4,Female,Very Dissatisfied,1970
1198,1972,2,1,Female,Very Satisfied,1970
1219,1972,2,1,Female,Very Satisfied,1970
1223,1972,2,1,Female,Very Satisfied,1970
1279,1972,2,1,Female,Very Satisfied,1970
1346,1972,2,2,Female,Moderately Satisfied,1970
1434,1972,1,1,Male,Very Satisfied,1970
1477,1972,1,1,Male,Very Satisfied,1970
1488,1972,2,3,Female,A Little Dissatisfied,1970
1521,1972,2,2,Female,Moderately Satisfied,1970
1606,1972,1,2,Male,Moderately Satisfied,1970
1635,1973,2,1,Female,Very Satisfied,1970
1650,1973,2,2,Female,Moderately Satisfied,1970
1726,1973,1,1,Male,Very Satisfied,1970
1746,1973,1,1,Male,Very Satisfied,1970
1763,1973,1,2,Male,Moderately Satisfied,1970
1775,1973,1,2,Male,Moderately Satisfied,1970
1783,1973,2,2,Female,Moderately Satisfied,1970
1832,1973,2,1,Female,Very Satisfied,1970
1876,1973,2,1,Female,Very Satisfied,1970
1894,1973,2,2,Female,Moderately Satisfied,1970
1899,1973,1,1,Male,Very Satisfied,1970
1911,1973,2,1,Female,Very Satisfied,1970
1914,1973,2,2,Female,Moderately Satisfied,1970
1927,1973,2,1,Female,Very Satisfied,1970
1931,1973,2,1,Female,Very Satisfied,1970
2002,1973,2,2,Female,Moderately Satisfied,1970
2060,1973,2,1,Female,Very Satisfied,1970
2066,1973,2,4,Female,Very Dissatisfied,1970
2102,1973,1,2,Male,Moderately Satisfied,1970
2133,1973,2,1,Female,Very Satisfied,1970
2155,1973,2,1,Female,Very Satisfied,1970
2179,1973,2,2,Female,Moderately Satisfied,1970
2223,1973,2,2,Female,Moderately Satisfied,1970
2233,1973,2,2,Female,Moderately Satisfied,1970
2238,1973,2,4,Female,Very Dissatisfied,1970
2273,1973,2,2,Female,Moderately Satisfied,1970
2297,1973,1,3,Male,A Little Dissatisfied,1970
2311,1973,2,1,Female,Very Satisfied,1970
2347,1973,2,1,Female,Very Satisfied,1970
2377,1973,2,2,Female,Moderately Satisfied,1970
2580,1973,1,1,Male,Very Satisfied,1970
2608,1973,1,4,Male,Very Dissatisfied,1970
2626,1973,2,3,Female,A Little Dissatisfied,1970
2628,1973,2,2,Female,Moderately Satisfied,1970
2646,1973,2,2,Female,Moderately Satisfied,1970
2676,1973,2,1,Female,Very Satisfied,1970
2680,1973,2,1,Female,Very Satisfied,1970
2698,1973,2,1,Female,Very Satisfied,1970
2709,1973,1,1,Male,Very Satisfied,1970
2763,1973,2,2,Female,Moderately Satisfied,1970
2779,1973,1,1,Male,Very Satisfied,1970
2845,1973,2,1,Female,Very Satisfied,1970
2847,1973,1,2,Male,Moderately Satisfied,1970
2851,1973,1,2,Male,Moderately Satisfied,1970
2906,1973,2,1,Female,Very Satisfied,1970
3001,1973,2,2,Female,Moderately Satisfied,1970
3063,1973,2,1,Female,Very Satisfied,1970
3145,1974,2,1,Female,Very Satisfied,1970
3166,1974,2,1,Female,Very Satisfied,1970
3176,1974,2,1,Female,Very Satisfied,1970
3206,1974,2,2,Female,Moderately Satisfied,1970
3236,1974,2,2,Female,Moderately Satisfied,1970
3267,1974,1,4,Male,Very Dissatisfied,1970
3292,1974,1,1,Male,Very Satisfied,1970
3306,1974,2,1,Female,Very Satisfied,1970
3376,1974,2,2,Female,Moderately Satisfied,1970
3391,1974,2,1,Female,Very Satisfied,1970
3460,1974,1,1,Male,Very Satisfied,1970
3465,1974,1,1,Male,Very Satisfied,1970
3535,1974,1,1,Male,Very Satisfied,1970
3553,1974,2,1,Female,Very Satisfied,1970
3568,1974,2,2,Female,Moderately Satisfied,1970
3590,1974,2,2,Female,Moderately Satisfied,1970
3659,1974,2,3,Female,A Little Dissatisfied,1970
3683,1974,2,1,Female,Very Satisfied,1970
3709,1974,1,3,Male,A Little Dissatisfied,1970
3756,1974,2,2,Female,Moderately Satisfied,1970
3764,1974,1,1,Male,Very Satisfied,1970
3767,1974,2,1,Female,Very Satisfied,1970
3781,1974,2,1,Female,Very Satisfied,1970
3844,1974,2,1,Female,Very Satisfied,1970
3860,1974,2,1,Female,Very Satisfied,1970
3905,1974,2,2,Female,Moderately Satisfied,1970
3952,1974,1,1,Male,Very Satisfied,1970
4014,1974,2,1,Female,Very Satisfied,1970
4025,1974,2,1,Female,Very Satisfied,1970
4090,1974,2,3,Female,A Little Dissatisfied,1970
4110,1974,2,2,Female,Moderately Satisfied,1970
4148,1974,2,1,Female,Very Satisfied,1970
4160,1974,2,1,Female,Very Satisfied,1970
4168,1974,2,1,Female,Very Satisfied,1970
4180,1974,2,1,Female,Very Satisfied,1970
4189,1974,2,2,Female,Moderately Satisfied,1970
4205,1974,2,3,Female,A Little Dissatisfied,1970
4208,1974,2,1,Female,Very Satisfied,1970
4229,1974,2,1,Female,Very Satisfied,1970
4235,1974,2,2,Female,Moderately Satisfied,1970
4294,1974,2,2,Female,Moderately Satisfied,1970
4300,1974,2,1,Female,Very Satisfied,1970
4370,1974,2,1,Female,Very Satisfied,1970
4383,1974,2,1,Female,Very Satisfied,1970
4462,1974,1,4,Male,Very Dissatisfied,1970
4478,1974,2,1,Female,Very Satisfied,1970
4490,1974,2,1,Female,Very Satisfied,1970
4508,1974,2,1,Female,Very Satisfied,1970
4559,1974,2,2,Female,Moderately Satisfied,1970
4565,1974,2,1,Female,Very Satisfied,1970
4580,1974,2,2,Female,Moderately Satisfied,1970
4589,1974,2,3,Female,A Little Dissatisfied,1970
4675,1975,2,1,Female,Very Satisfied,1970
4732,1975,2,1,Female,Very Satisfied,1970
4796,1975,2,2,Female,Moderately Satisfied,1970
4799,1975,1,2,Male,Moderately Satisfied,1970
4812,1975,2,1,Female,Very Satisfied,1970
4828,1975,2,1,Female,Very Satisfied,1970
4839,1975,2,3,Female,A Little Dissatisfied,1970
4874,1975,2,2,Female,Moderately Satisfied,1970
4881,1975,2,3,Female,A Little Dissatisfied,1970
4920,1975,2,3,Female,A Little Dissatisfied,1970
4934,1975,2,1,Female,Very Satisfied,1970
4936,1975,2,1,Female,Very Satisfied,1970
4947,1975,2,1,Female,Very Satisfied,1970
4950,1975,1,4,Male,Very Dissatisfied,1970
4968,1975,2,1,Female,Very Satisfied,1970
5095,1975,2,2,Female,Moderately Satisfied,1970
5123,1975,2,1,Female,Very Satisfied,1970
5146,1975,2,1,Female,Very Satisfied,1970
5168,1975,2,2,Female,Moderately Satisfied,1970
5189,1975,2,1,Female,Very Satisfied,1970
5192,1975,2,2,Female,Moderately Satisfied,1970
5213,1975,2,2,Female,Moderately Satisfied,1970
5214,1975,1,1,Male,Very Satisfied,1970
5258,1975,2,2,Female,Moderately Satisfied,1970
5302,1975,2,1,Female,Very Satisfied,1970
5307,1975,2,1,Female,Very Satisfied,1970
5328,1975,1,1,Male,Very Satisfied,1970
5445,1975,2,1,Female,Very Satisfied,1970
5471,1975,2,1,Female,Very Satisfied,1970
5533,1975,2,1,Female,Very Satisfied,1970
5536,1975,2,1,Female,Very Satisfied,1970
5545,1975,2,4,Female,Very Dissatisfied,1970
5606,1975,2,4,Female,Very Dissatisfied,1970
5632,1975,2,1,Female,Very Satisfied,1970
5651,1975,2,1,Female,Very Satisfied,1970
5697,1975,2,1,Female,Very Satisfied,1970
5717,1975,2,1,Female,Very Satisfied,1970
5728,1975,2,1,Female,Very Satisfied,1970
5748,1975,2,2,Female,Moderately Satisfied,1970
5762,1975,1,1,Male,Very Satisfied,1970
5844,1975,2,2,Female,Moderately Satisfied,1970
5862,1975,2,1,Female,Very Satisfied,1970
5903,1975,2,2,Female,Moderately Satisfied,1970
5928,1975,2,1,Female,Very Satisfied,1970
5931,1975,2,1,Female,Very Satisfied,1970
5985,1975,2,2,Female,Moderately Satisfied,1970
5992,1975,2,2,Female,Moderately Satisfied,1970
6005,1975,2,2,Female,Moderately Satisfied,1970
6017,1975,2,2,Female,Moderately Satisfied,1970
6027,1975,2,1,Female,Very Satisfied,1970
6033,1975,2,2,Female,Moderately Satisfied,1970
6038,1975,2,3,Female,A Little Dissatisfied,1970
6053,1975,2,2,Female,Moderately Satisfied,1970
6054,1975,2,2,Female,Moderately Satisfied,1970
6062,1975,2,2,Female,Moderately Satisfied,1970
6083,1975,1,2,Male,Moderately Satisfied,1970
6084,1975,2,2,Female,Moderately Satisfied,1970
6086,1975,2,1,Female,Very Satisfied,1970
6137,1976,2,2,Female,Moderately Satisfied,1970
6148,1976,2,2,Female,Moderately Satisfied,1970
6211,1976,2,1,Female,Very Satisfied,1970
6239,1976,2,1,Female,Very Satisfied,1970
6242,1976,2,3,Female,A Little Dissatisfied,1970
6263,1976,2,2,Female,Moderately Satisfied,1970
6326,1976,2,2,Female,Moderately Satisfied,1970
6344,1976,2,4,Female,Very Dissatisfied,1970
6368,1976,2,1,Female,Very Satisfied,1970
6414,1976,2,2,Female,Moderately Satisfied,1970
6440,1976,2,2,Female,Moderately Satisfied,1970
6457,1976,2,1,Female,Very Satisfied,1970
6468,1976,2,1,Female,Very Satisfied,1970
6483,1976,2,2,Female,Moderately Satisfied,1970
6486,1976,2,1,Female,Very Satisfied,1970
6509,1976,2,2,Female,Moderately Satisfied,1970
6512,1976,2,2,Female,Moderately Satisfied,1970
6526,1976,1,1,Male,Very Satisfied,1970
6528,1976,2,1,Female,Very Satisfied,1970
6534,1976,2,2,Female,Moderately Satisfied,1970
6551,1976,2,1,Female,Very Satisfied,1970
6590,1976,1,1,Male,Very Satisfied,1970
6608,1976,2,2,Female,Moderately Satisfied,1970
6616,1976,2,1,Female,Very Satisfied,1970
6643,1976,1,1,Male,Very Satisfied,1970
6669,1976,2,1,Female,Very Satisfied,1970
6746,1976,2,2,Female,Moderately Satisfied,1970
6764,1976,2,1,Female,Very Satisfied,1970
6899,1976,2,1,Female,Very Satisfied,1970
6919,1976,2,2,Female,Moderately Satisfied,1970
6939,1976,2,2,Female,Moderately Satisfied,1970
6954,1976,2,2,Female,Moderately Satisfied,1970
7030,1976,1,1,Male,Very Satisfied,1970
7064,1976,2,1,Female,Very Satisfied,1970
7077,1976,2,1,Female,Very Satisfied,1970
7114,1976,2,1,Female,Very Satisfied,1970
7119,1976,2,2,Female,Moderately Satisfied,1970
7157,1976,2,2,Female,Moderately Satisfied,1970
7204,1976,2,1,Female,Very Satisfied,1970
7209,1976,2,2,Female,Moderately Satisfied,1970
7233,1976,2,1,Female,Very Satisfied,1970
7398,1976,2,2,Female,Moderately Satisfied,1970
7423,1976,2,1,Female,Very Satisfied,1970
7452,1976,2,2,Female,Moderately Satisfied,1970
7538,1976,2,1,Female,Very Satisfied,1970
7567,1976,2,2,Female,Moderately Satisfied,1970
7624,1977,2,2,Female,Moderately Satisfied,1970
7648,1977,2,1,Female,Very Satisfied,1970
7658,1977,2,2,Female,Moderately Satisfied,1970
7663,1977,2,2,Female,Moderately Satisfied,1970
7675,1977,1,2,Male,Moderately Satisfied,1970
7707,1977,2,2,Female,Moderately Satisfied,1970
7723,1977,2,1,Female,Very Satisfied,1970
7750,1977,2,1,Female,Very Satisfied,1970
7802,1977,2,1,Female,Very Satisfied,1970
7851,1977,2,1,Female,Very Satisfied,1970
7861,1977,2,1,Female,Very Satisfied,1970
7880,1977,2,2,Female,Moderately Satisfied,1970
7881,1977,2,2,Female,Moderately Satisfied,1970
7895,1977,2,2,Female,Moderately Satisfied,1970
7900,1977,2,1,Female,Very Satisfied,1970
7927,1977,2,1,Female,Very Satisfied,1970
7934,1977,2,2,Female,Moderately Satisfied,1970
7986,1977,2,1,Female,Very Satisfied,1970
8010,1977,2,1,Female,Very Satisfied,1970
8041,1977,1,2,Male,Moderately Satisfied,1970
8068,1977,2,1,Female,Very Satisfied,1970
8093,1977,2,1,Female,Very Satisfied,1970
8103,1977,2,1,Female,Very Satisfied,1970
8192,1977,2,2,Female,Moderately Satisfied,1970
8257,1977,2,1,Female,Very Satisfied,1970
8266,1977,2,1,Female,Very Satisfied,1970
8329,1977,2,2,Female,Moderately Satisfied,1970
8349,1977,2,1,Female,Very Satisfied,1970
8378,1977,2,2,Female,Moderately Satisfied,1970
8411,1977,2,2,Female,Moderately Satisfied,1970
8470,1977,2,3,Female,A Little Dissatisfied,1970
8524,1977,2,3,Female,A Little Dissatisfied,1970
8564,1977,1,3,Male,A Little Dissatisfied,1970
8608,1977,2,3,Female,A Little Dissatisfied,1970
8611,1977,1,1,Male,Very Satisfied,1970
8616,1977,2,2,Female,Moderately Satisfied,1970
8638,1977,2,3,Female,A Little Dissatisfied,1970
8646,1977,2,2,Female,Moderately Satisfied,1970
8692,1977,2,1,Female,Very Satisfied,1970
8717,1977,2,2,Female,Moderately Satisfied,1970
8719,1977,2,1,Female,Very Satisfied,1970
8720,1977,2,1,Female,Very Satisfied,1970
8778,1977,2,1,Female,Very Satisfied,1970
8789,1977,2,1,Female,Very Satisfied,1970
8821,1977,2,1,Female,Very Satisfied,1970
8835,1977,2,3,Female,A Little Dissatisfied,1970
8839,1977,2,1,Female,Very Satisfied,1970
8865,1977,2,4,Female,Very Dissatisfied,1970
8886,1977,2,2,Female,Moderately Satisfied,1970
8889,1977,2,1,Female,Very Satisfied,1970
8903,1977,2,3,Female,A Little Dissatisfied,1970
8919,1977,2,1,Female,Very Satisfied,1970
8938,1977,1,2,Male,Moderately Satisfied,1970
8984,1977,1,1,Male,Very Satisfied,1970
8985,1977,2,2,Female,Moderately Satisfied,1970
9053,1977,2,1,Female,Very Satisfied,1970
9124,1978,2,1,Female,Very Satisfied,1970
9161,1978,2,1,Female,Very Satisfied,1970
9171,1978,2,2,Female,Moderately Satisfied,1970
9201,1978,2,1,Female,Very Satisfied,1970
9221,1978,2,1,Female,Very Satisfied,1970
9280,1978,2,1,Female,Very Satisfied,1970
9330,1978,2,2,Female,Moderately Satisfied,1970
9365,1978,2,1,Female,Very Satisfied,1970
9384,1978,2,2,Female,Moderately Satisfied,1970
9420,1978,2,1,Female,Very Satisfied,1970
9432,1978,2,4,Female,Very Dissatisfied,1970
9472,1978,2,1,Female,Very Satisfied,1970
9474,1978,1,3,Male,A Little Dissatisfied,1970
9480,1978,2,4,Female,Very Dissatisfied,1970
9538,1978,2,1,Female,Very Satisfied,1970
9553,1978,2,1,Female,Very Satisfied,1970
9567,1978,2,1,Female,Very Satisfied,1970
9619,1978,2,1,Female,Very Satisfied,1970
9629,1978,2,2,Female,Moderately Satisfied,1970
9637,1978,2,1,Female,Very Satisfied,1970
9655,1978,2,3,Female,A Little Dissatisfied,1970
9665,1978,2,2,Female,Moderately Satisfied,1970
9796,1978,2,2,Female,Moderately Satisfied,1970
9924,1978,2,1,Female,Very Satisfied,1970
9929,1978,2,1,Female,Very Satisfied,1970
9940,1978,2,1,Female,Very Satisfied,1970
9948,1978,2,2,Female,Moderately Satisfied,1970
9954,1978,2,1,Female,Very Satisfied,1970
10016,1978,2,2,Female,Moderately Satisfied,1970
10053,1978,1,2,Male,Moderately Satisfied,1970
10079,1978,2,1,Female,Very Satisfied,1970
10115,1978,2,2,Female,Moderately Satisfied,1970
10141,1978,1,2,Male,Moderately Satisfied,1970
10148,1978,2,2,Female,Moderately Satisfied,1970
10165,1978,2,3,Female,A Little Dissatisfied,1970
10169,1978,2,2,Female,Moderately Satisfied,1970
10171,1978,2,1,Female,Very Satisfied,1970
10266,1978,2,3,Female,A Little Dissatisfied,1970
10300,1978,2,1,Female,Very Satisfied,1970
10346,1978,2,3,Female,A Little Dissatisfied,1970
10357,1978,1,1,Male,Very Satisfied,1970
10408,1978,2,3,Female,A Little Dissatisfied,1970
10475,1978,2,1,Female,Very Satisfied,1970
10545,1978,2,1,Female,Very Satisfied,1970
10547,1978,2,1,Female,Very Satisfied,1970
10671,1980,2,2,Female,Moderately Satisfied,1980
10686,1980,1,2,Male,Moderately Satisfied,1980
10700,1980,2,2,Female,Moderately Satisfied,1980
10702,1980,2,2,Female,Moderately Satisfied,1980
10740,1980,2,2,Female,Moderately Satisfied,1980
10752,1980,2,2,Female,Moderately Satisfied,1980
10785,1980,2,1,Female,Very Satisfied,1980
10793,1980,1,1,Male,Very Satisfied,1980
10870,1980,2,3,Female,A Little Dissatisfied,1980
10882,1980,2,2,Female,Moderately Satisfied,1980
10920,1980,2,2,Female,Moderately Satisfied,1980
10942,1980,2,2,Female,Moderately Satisfied,1980
10974,1980,2,3,Female,A Little Dissatisfied,1980
11120,1980,2,1,Female,Very Satisfied,1980
11136,1980,2,1,Female,Very Satisfied,1980
11195,1980,2,1,Female,Very Satisfied,1980
11198,1980,2,1,Female,Very Satisfied,1980
11221,1980,2,1,Female,Very Satisfied,1980
11234,1980,2,3,Female,A Little Dissatisfied,1980
11264,1980,2,1,Female,Very Satisfied,1980
11270,1980,2,2,Female,Moderately Satisfied,1980
11415,1980,2,1,Female,Very Satisfied,1980
11427,1980,2,1,Female,Very Satisfied,1980
11460,1980,2,2,Female,Moderately Satisfied,1980
11467,1980,2,1,Female,Very Satisfied,1980
11477,1980,2,2,Female,Moderately Satisfied,1980
11507,1980,2,2,Female,Moderately Satisfied,1980
11618,1980,2,2,Female,Moderately Satisfied,1980
11638,1980,2,2,Female,Moderately Satisfied,1980
11705,1980,1,1,Male,Very Satisfied,1980
11706,1980,2,1,Female,Very Satisfied,1980
11711,1980,1,1,Male,Very Satisfied,1980
11735,1980,2,2,Female,Moderately Satisfied,1980
11737,1980,2,1,Female,Very Satisfied,1980
11742,1980,2,2,Female,Moderately Satisfied,1980
11759,1980,2,1,Female,Very Satisfied,1980
11762,1980,2,1,Female,Very Satisfied,1980
11772,1980,2,1,Female,Very Satisfied,1980
11797,1980,2,1,Female,Very Satisfied,1980
11828,1980,1,2,Male,Moderately Satisfied,1980
11849,1980,2,4,Female,Very Dissatisfied,1980
11855,1980,2,2,Female,Moderately Satisfied,1980
11866,1980,1,4,Male,Very Dissatisfied,1980
11870,1980,2,3,Female,A Little Dissatisfied,1980
11890,1980,2,1,Female,Very Satisfied,1980
11970,1980,2,1,Female,Very Satisfied,1980
12024,1980,2,3,Female,A Little Dissatisfied,1980
12030,1980,2,1,Female,Very Satisfied,1980
12064,1980,2,2,Female,Moderately Satisfied,1980
12088,1980,1,1,Male,Very Satisfied,1980
12092,1980,2,1,Female,Very Satisfied,1980
12125,1982,1,2,Male,Moderately Satisfied,1980
12165,1982,2,2,Female,Moderately Satisfied,1980
12171,1982,2,1,Female,Very Satisfied,1980
12192,1982,2,1,Female,Very Satisfied,1980
12216,1982,2,2,Female,Moderately Satisfied,1980
12257,1982,2,1,Female,Very Satisfied,1980
12260,1982,2,1,Female,Very Satisfied,1980
12330,1982,2,2,Female,Moderately Satisfied,1980
12359,1982,1,1,Male,Very Satisfied,1980
12365,1982,2,1,Female,Very Satisfied,1980
12377,1982,2,1,Female,Very Satisfied,1980
12399,1982,2,1,Female,Very Satisfied,1980
12407,1982,2,1,Female,Very Satisfied,1980
12413,1982,2,2,Female,Moderately Satisfied,1980
12561,1982,1,2,Male,Moderately Satisfied,1980
12575,1982,2,1,Female,Very Satisfied,1980
12692,1982,2,1,Female,Very Satisfied,1980
12693,1982,2,2,Female,Moderately Satisfied,1980
12700,1982,2,4,Female,Very Dissatisfied,1980
12755,1982,2,1,Female,Very Satisfied,1980
12765,1982,2,1,Female,Very Satisfied,1980
12785,1982,2,3,Female,A Little Dissatisfied,1980
12859,1982,2,2,Female,Moderately Satisfied,1980
12906,1982,2,1,Female,Very Satisfied,1980
12908,1982,2,2,Female,Moderately Satisfied,1980
12910,1982,1,1,Male,Very Satisfied,1980
12919,1982,2,2,Female,Moderately Satisfied,1980
12979,1982,2,1,Female,Very Satisfied,1980
13022,1982,1,2,Male,Moderately Satisfied,1980
13034,1982,1,1,Male,Very Satisfied,1980
13080,1982,2,1,Female,Very Satisfied,1980
13092,1982,2,2,Female,Moderately Satisfied,1980
13153,1982,2,2,Female,Moderately Satisfied,1980
13184,1982,1,1,Male,Very Satisfied,1980
13190,1982,2,1,Female,Very Satisfied,1980
13218,1982,1,4,Male,Very Dissatisfied,1980
13225,1982,2,1,Female,Very Satisfied,1980
13329,1982,2,1,Female,Very Satisfied,1980
13333,1982,2,1,Female,Very Satisfied,1980
13373,1982,2,1,Female,Very Satisfied,1980
13388,1982,2,3,Female,A Little Dissatisfied,1980
13405,1982,2,2,Female,Moderately Satisfied,1980
13454,1982,2,2,Female,Moderately Satisfied,1980
13462,1982,2,1,Female,Very Satisfied,1980
13513,1982,2,1,Female,Very Satisfied,1980
13603,1982,2,1,Female,Very Satisfied,1980
13623,1982,2,2,Female,Moderately Satisfied,1980
13656,1982,2,2,Female,Moderately Satisfied,1980
13666,1982,2,1,Female,Very Satisfied,1980
13687,1982,2,1,Female,Very Satisfied,1980
13696,1982,1,2,Male,Moderately Satisfied,1980
13697,1982,2,2,Female,Moderately Satisfied,1980
13766,1982,2,3,Female,A Little Dissatisfied,1980
13767,1982,2,2,Female,Moderately Satisfied,1980
13778,1982,2,2,Female,Moderately Satisfied,1980
13787,1982,2,4,Female,Very Dissatisfied,1980
13799,1982,2,1,Female,Very Satisfied,1980
13804,1982,2,3,Female,A Little Dissatisfied,1980
13805,1982,2,4,Female,Very Dissatisfied,1980
13808,1982,2,4,Female,Very Dissatisfied,1980
13821,1982,2,2,Female,Moderately Satisfied,1980
13880,1982,2,2,Female,Moderately Satisfied,1980
13957,1982,2,2,Female,Moderately Satisfied,1980
13962,1982,1,3,Male,A Little Dissatisfied,1980
13967,1982,2,1,Female,Very Satisfied,1980
14001,1983,2,3,Female,A Little Dissatisfied,1980
14052,1983,2,2,Female,Moderately Satisfied,1980
14057,1983,2,1,Female,Very Satisfied,1980
14058,1983,2,1,Female,Very Satisfied,1980
14104,1983,2,1,Female,Very Satisfied,1980
14119,1983,2,2,Female,Moderately Satisfied,1980
14140,1983,2,1,Female,Very Satisfied,1980
14141,1983,2,3,Female,A Little Dissatisfied,1980
14145,1983,2,1,Female,Very Satisfied,1980
14146,1983,2,3,Female,A Little Dissatisfied,1980
14151,1983,2,1,Female,Very Satisfied,1980
14159,1983,2,3,Female,A Little Dissatisfied,1980
14205,1983,2,2,Female,Moderately Satisfied,1980
14207,1983,2,3,Female,A Little Dissatisfied,1980
14248,1983,2,1,Female,Very Satisfied,1980
14256,1983,2,1,Female,Very Satisfied,1980
14325,1983,2,2,Female,Moderately Satisfied,1980
14385,1983,2,1,Female,Very Satisfied,1980
14406,1983,2,1,Female,Very Satisfied,1980
14416,1983,2,1,Female,Very Satisfied,1980
14420,1983,2,3,Female,A Little Dissatisfied,1980
14426,1983,1,2,Male,Moderately Satisfied,1980
14427,1983,1,2,Male,Moderately Satisfied,1980
14438,1983,2,2,Female,Moderately Satisfied,1980
14462,1983,2,2,Female,Moderately Satisfied,1980
14499,1983,2,2,Female,Moderately Satisfied,1980
14527,1983,2,1,Female,Very Satisfied,1980
14534,1983,2,1,Female,Very Satisfied,1980
14546,1983,1,1,Male,Very Satisfied,1980
14552,1983,2,2,Female,Moderately Satisfied,1980
14582,1983,2,2,Female,Moderately Satisfied,1980
14613,1983,1,1,Male,Very Satisfied,1980
14617,1983,1,1,Male,Very Satisfied,1980
14624,1983,1,2,Male,Moderately Satisfied,1980
14629,1983,2,1,Female,Very Satisfied,1980
14663,1983,2,2,Female,Moderately Satisfied,1980
14670,1983,2,1,Female,Very Satisfied,1980
14683,1983,2,2,Female,Moderately Satisfied,1980
14703,1983,2,1,Female,Very Satisfied,1980
14740,1983,2,1,Female,Very Satisfied,1980
14798,1983,2,1,Female,Very Satisfied,1980
14799,1983,2,2,Female,Moderately Satisfied,1980
14800,1983,1,1,Male,Very Satisfied,1980
14804,1983,2,2,Female,Moderately Satisfied,1980
14815,1983,2,1,Female,Very Satisfied,1980
14829,1983,2,1,Female,Very Satisfied,1980
14836,1983,1,1,Male,Very Satisfied,1980
14872,1983,2,1,Female,Very Satisfied,1980
14933,1983,2,1,Female,Very Satisfied,1980
14997,1983,2,2,Female,Moderately Satisfied,1980
15016,1983,2,3,Female,A Little Dissatisfied,1980
15031,1983,2,2,Female,Moderately Satisfied,1980
15038,1983,2,1,Female,Very Satisfied,1980
15039,1983,2,1,Female,Very Satisfied,1980
15049,1983,2,1,Female,Very Satisfied,1980
15052,1983,2,1,Female,Very Satisfied,1980
15056,1983,2,1,Female,Very Satisfied,1980
15085,1983,2,1,Female,Very Satisfied,1980
15086,1983,2,2,Female,Moderately Satisfied,1980
15095,1983,2,2,Female,Moderately Satisfied,1980
15115,1983,2,2,Female,Moderately Satisfied,1980
15170,1983,2,2,Female,Moderately Satisfied,1980
15172,1983,2,1,Female,Very Satisfied,1980
15266,1983,2,2,Female,Moderately Satisfied,1980
15348,1983,1,1,Male,Very Satisfied,1980
15477,1983,2,1,Female,Very Satisfied,1980
15506,1983,2,1,Female,Very Satisfied,1980
15527,1983,2,1,Female,Very Satisfied,1980
15558,1983,2,2,Female,Moderately Satisfied,1980
15582,1984,2,1,Female,Very Satisfied,1980
15617,1984,2,1,Female,Very Satisfied,1980
15664,1984,2,2,Female,Moderately Satisfied,1980
15746,1984,2,1,Female,Very Satisfied,1980
15775,1984,2,1,Female,Very Satisfied,1980
15835,1984,1,1,Male,Very Satisfied,1980
15853,1984,2,2,Female,Moderately Satisfied,1980
15950,1984,2,1,Female,Very Satisfied,1980
15980,1984,2,3,Female,A Little Dissatisfied,1980
16013,1984,1,2,Male,Moderately Satisfied,1980
16054,1984,2,1,Female,Very Satisfied,1980
16071,1984,1,2,Male,Moderately Satisfied,1980
16078,1984,2,1,Female,Very Satisfied,1980
16140,1984,2,3,Female,A Little Dissatisfied,1980
16150,1984,2,1,Female,Very Satisfied,1980
16161,1984,2,3,Female,A Little Dissatisfied,1980
16187,1984,2,1,Female,Very Satisfied,1980
16193,1984,2,1,Female,Very Satisfied,1980
16221,1984,1,1,Male,Very Satisfied,1980
16233,1984,2,3,Female,A Little Dissatisfied,1980
16241,1984,2,1,Female,Very Satisfied,1980
16242,1984,2,1,Female,Very Satisfied,1980
16245,1984,1,2,Male,Moderately Satisfied,1980
16246,1984,2,1,Female,Very Satisfied,1980
16261,1984,2,1,Female,Very Satisfied,1980
16293,1984,2,2,Female,Moderately Satisfied,1980
16399,1984,2,1,Female,Very Satisfied,1980
16454,1984,1,3,Male,A Little Dissatisfied,1980
16515,1984,2,1,Female,Very Satisfied,1980
16526,1984,2,4,Female,Very Dissatisfied,1980
16557,1984,2,3,Female,A Little Dissatisfied,1980
16564,1984,2,1,Female,Very Satisfied,1980
16574,1984,1,1,Male,Very Satisfied,1980
16615,1984,2,1,Female,Very Satisfied,1980
16659,1984,2,2,Female,Moderately Satisfied,1980
16740,1984,2,1,Female,Very Satisfied,1980
16742,1984,1,1,Male,Very Satisfied,1980
16752,1984,2,1,Female,Very Satisfied,1980
16765,1984,2,1,Female,Very Satisfied,1980
16809,1984,1,1,Male,Very Satisfied,1980
16845,1984,2,1,Female,Very Satisfied,1980
16853,1984,2,2,Female,Moderately Satisfied,1980
16862,1984,2,2,Female,Moderately Satisfied,1980
16896,1984,2,1,Female,Very Satisfied,1980
16946,1984,2,1,Female,Very Satisfied,1980
16961,1984,2,1,Female,Very Satisfied,1980
16969,1984,2,1,Female,Very Satisfied,1980
17042,1984,1,2,Male,Moderately Satisfied,1980
17044,1984,2,1,Female,Very Satisfied,1980
17055,1985,2,2,Female,Moderately Satisfied,1980
17058,1985,2,1,Female,Very Satisfied,1980
17069,1985,1,3,Male,A Little Dissatisfied,1980
17078,1985,2,3,Female,A Little Dissatisfied,1980
17082,1985,2,1,Female,Very Satisfied,1980
17094,1985,1,2,Male,Moderately Satisfied,1980
17110,1985,2,2,Female,Moderately Satisfied,1980
17124,1985,2,3,Female,A Little Dissatisfied,1980
17126,1985,2,2,Female,Moderately Satisfied,1980
17132,1985,2,2,Female,Moderately Satisfied,1980
17143,1985,2,2,Female,Moderately Satisfied,1980
17157,1985,2,4,Female,Very Dissatisfied,1980
17211,1985,2,1,Female,Very Satisfied,1980
17232,1985,2,1,Female,Very Satisfied,1980
17293,1985,2,3,Female,A Little Dissatisfied,1980
17353,1985,2,1,Female,Very Satisfied,1980
17446,1985,2,1,Female,Very Satisfied,1980
17505,1985,2,1,Female,Very Satisfied,1980
17639,1985,1,1,Male,Very Satisfied,1980
17648,1985,2,1,Female,Very Satisfied,1980
17666,1985,2,2,Female,Moderately Satisfied,1980
17730,1985,1,2,Male,Moderately Satisfied,1980
17755,1985,1,2,Male,Moderately Satisfied,1980
17764,1985,2,4,Female,Very Dissatisfied,1980
17796,1985,2,2,Female,Moderately Satisfied,1980
17809,1985,2,1,Female,Very Satisfied,1980
17811,1985,2,2,Female,Moderately Satisfied,1980
17812,1985,2,1,Female,Very Satisfied,1980
17816,1985,1,3,Male,A Little Dissatisfied,1980
17818,1985,2,1,Female,Very Satisfied,1980
17833,1985,1,3,Male,A Little Dissatisfied,1980
17835,1985,2,1,Female,Very Satisfied,1980
17852,1985,2,2,Female,Moderately Satisfied,1980
17868,1985,2,4,Female,Very Dissatisfied,1980
17892,1985,2,2,Female,Moderately Satisfied,1980
17899,1985,2,2,Female,Moderately Satisfied,1980
17937,1985,2,1,Female,Very Satisfied,1980
17966,1985,1,1,Male,Very Satisfied,1980
18034,1985,2,3,Female,A Little Dissatisfied,1980
18049,1985,2,1,Female,Very Satisfied,1980
18053,1985,2,1,Female,Very Satisfied,1980
18104,1985,2,1,Female,Very Satisfied,1980
18110,1985,2,1,Female,Very Satisfied,1980
18186,1985,2,2,Female,Moderately Satisfied,1980
18223,1985,2,1,Female,Very Satisfied,1980
18235,1985,2,2,Female,Moderately Satisfied,1980
18236,1985,2,1,Female,Very Satisfied,1980
18239,1985,2,1,Female,Very Satisfied,1980
18240,1985,1,2,Male,Moderately Satisfied,1980
18275,1985,2,1,Female,Very Satisfied,1980
18292,1985,2,2,Female,Moderately Satisfied,1980
18297,1985,2,1,Female,Very Satisfied,1980
18324,1985,2,1,Female,Very Satisfied,1980
18326,1985,2,1,Female,Very Satisfied,1980
18345,1985,2,1,Female,Very Satisfied,1980
18364,1985,2,1,Female,Very Satisfied,1980
18366,1985,2,2,Female,Moderately Satisfied,1980
18455,1985,2,1,Female,Very Satisfied,1980
18458,1985,2,2,Female,Moderately Satisfied,1980
18485,1985,2,1,Female,Very Satisfied,1980
18487,1985,2,1,Female,Very Satisfied,1980
18518,1985,2,1,Female,Very Satisfied,1980
18533,1985,2,1,Female,Very Satisfied,1980
18551,1985,2,2,Female,Moderately Satisfied,1980
18616,1986,2,3,Female,A Little Dissatisfied,1980
18629,1986,2,1,Female,Very Satisfied,1980
18659,1986,2,2,Female,Moderately Satisfied,1980
18665,1986,2,2,Female,Moderately Satisfied,1980
18669,1986,1,1,Male,Very Satisfied,1980
18700,1986,2,1,Female,Very Satisfied,1980
18705,1986,1,3,Male,A Little Dissatisfied,1980
18713,1986,2,1,Female,Very Satisfied,1980
18720,1986,2,1,Female,Very Satisfied,1980
18751,1986,2,3,Female,A Little Dissatisfied,1980
18814,1986,1,3,Male,A Little Dissatisfied,1980
18846,1986,1,1,Male,Very Satisfied,1980
18851,1986,2,2,Female,Moderately Satisfied,1980
18852,1986,2,2,Female,Moderately Satisfied,1980
19017,1986,2,2,Female,Moderately Satisfied,1980
19051,1986,2,1,Female,Very Satisfied,1980
19080,1986,2,1,Female,Very Satisfied,1980
19114,1986,2,1,Female,Very Satisfied,1980
19124,1986,2,2,Female,Moderately Satisfied,1980
19125,1986,2,1,Female,Very Satisfied,1980
19206,1986,2,2,Female,Moderately Satisfied,1980
19216,1986,2,3,Female,A Little Dissatisfied,1980
19217,1986,2,1,Female,Very Satisfied,1980
19220,1986,2,1,Female,Very Satisfied,1980
19239,1986,2,2,Female,Moderately Satisfied,1980
19258,1986,2,1,Female,Very Satisfied,1980
19321,1986,2,1,Female,Very Satisfied,1980
19331,1986,2,1,Female,Very Satisfied,1980
19380,1986,2,2,Female,Moderately Satisfied,1980
19415,1986,2,2,Female,Moderately Satisfied,1980
19423,1986,2,3,Female,A Little Dissatisfied,1980
19424,1986,1,1,Male,Very Satisfied,1980
19427,1986,2,2,Female,Moderately Satisfied,1980
19451,1986,1,4,Male,Very Dissatisfied,1980
19463,1986,2,1,Female,Very Satisfied,1980
19464,1986,1,1,Male,Very Satisfied,1980
19474,1986,2,1,Female,Very Satisfied,1980
19478,1986,2,1,Female,Very Satisfied,1980
19482,1986,2,2,Female,Moderately Satisfied,1980
19530,1986,2,3,Female,A Little Dissatisfied,1980
19538,1986,2,2,Female,Moderately Satisfied,1980
19560,1986,2,2,Female,Moderately Satisfied,1980
19593,1986,2,1,Female,Very Satisfied,1980
19648,1986,2,1,Female,Very Satisfied,1980
19680,1986,2,1,Female,Very Satisfied,1980
19695,1986,1,3,Male,A Little Dissatisfied,1980
19717,1986,2,1,Female,Very Satisfied,1980
19754,1986,2,3,Female,A Little Dissatisfied,1980
19762,1986,2,1,Female,Very Satisfied,1980
19794,1986,2,2,Female,Moderately Satisfied,1980
19833,1986,2,1,Female,Very Satisfied,1980
19871,1986,1,2,Male,Moderately Satisfied,1980
19921,1986,2,2,Female,Moderately Satisfied,1980
19972,1986,2,2,Female,Moderately Satisfied,1980
19978,1986,2,2,Female,Moderately Satisfied,1980
20042,1986,2,2,Female,Moderately Satisfied,1980
20077,1987,2,3,Female,A Little Dissatisfied,1980
20078,1987,2,2,Female,Moderately Satisfied,1980
20101,1987,2,1,Female,Very Satisfied,1980
20123,1987,2,3,Female,A Little Dissatisfied,1980
20179,1987,2,2,Female,Moderately Satisfied,1980
20202,1987,2,1,Female,Very Satisfied,1980
20236,1987,1,2,Male,Moderately Satisfied,1980
20246,1987,2,3,Female,A Little Dissatisfied,1980
20303,1987,2,1,Female,Very Satisfied,1980
20359,1987,2,4,Female,Very Dissatisfied,1980
20436,1987,2,1,Female,Very Satisfied,1980
20456,1987,1,2,Male,Moderately Satisfied,1980
20458,1987,2,1,Female,Very Satisfied,1980
20477,1987,1,1,Male,Very Satisfied,1980
20481,1987,2,1,Female,Very Satisfied,1980
20484,1987,1,2,Male,Moderately Satisfied,1980
20496,1987,2,1,Female,Very Satisfied,1980
20520,1987,2,1,Female,Very Satisfied,1980
20548,1987,2,1,Female,Very Satisfied,1980
20558,1987,2,1,Female,Very Satisfied,1980
20606,1987,2,4,Female,Very Dissatisfied,1980
20614,1987,2,1,Female,Very Satisfied,1980
20654,1987,2,2,Female,Moderately Satisfied,1980
20657,1987,2,3,Female,A Little Dissatisfied,1980
20728,1987,2,3,Female,A Little Dissatisfied,1980
20734,1987,2,1,Female,Very Satisfied,1980
20746,1987,1,3,Male,A Little Dissatisfied,1980
20766,1987,2,1,Female,Very Satisfied,1980
20845,1987,1,2,Male,Moderately Satisfied,1980
20858,1987,2,2,Female,Moderately Satisfied,1980
20894,1987,2,2,Female,Moderately Satisfied,1980
20931,1987,2,2,Female,Moderately Satisfied,1980
20960,1987,2,1,Female,Very Satisfied,1980
20961,1987,2,2,Female,Moderately Satisfied,1980
20985,1987,2,1,Female,Very Satisfied,1980
20990,1987,2,2,Female,Moderately Satisfied,1980
21026,1987,2,1,Female,Very Satisfied,1980
21046,1987,2,2,Female,Moderately Satisfied,1980
21080,1987,1,1,Male,Very Satisfied,1980
21086,1987,2,2,Female,Moderately Satisfied,1980
21117,1987,2,1,Female,Very Satisfied,1980
21140,1987,2,2,Female,Moderately Satisfied,1980
21150,1987,2,2,Female,Moderately Satisfied,1980
21198,1987,2,2,Female,Moderately Satisfied,1980
21200,1987,2,1,Female,Very Satisfied,1980
21207,1987,2,2,Female,Moderately Satisfied,1980
21266,1987,2,1,Female,Very Satisfied,1980
21280,1987,1,1,Male,Very Satisfied,1980
21334,1987,2,1,Female,Very Satisfied,1980
21365,1987,2,4,Female,Very Dissatisfied,1980
21569,1987,2,4,Female,Very Dissatisfied,1980
21576,1987,2,1,Female,Very Satisfied,1980
21610,1987,2,2,Female,Moderately Satisfied,1980
21615,1987,2,2,Female,Moderately Satisfied,1980
21628,1987,2,1,Female,Very Satisfied,1980
21631,1987,2,1,Female,Very Satisfied,1980
21636,1987,2,1,Female,Very Satisfied,1980
21700,1987,1,2,Male,Moderately Satisfied,1980
21705,1987,2,2,Female,Moderately Satisfied,1980
21749,1987,2,1,Female,Very Satisfied,1980
21751,1987,2,2,Female,Moderately Satisfied,1980
21775,1987,2,1,Female,Very Satisfied,1980
21778,1987,2,1,Female,Very Satisfied,1980
21784,1987,2,2,Female,Moderately Satisfied,1980
21795,1987,2,2,Female,Moderately Satisfied,1980
21796,1987,2,3,Female,A Little Dissatisfied,1980
21823,1987,2,2,Female,Moderately Satisfied,1980
21876,1988,2,1,Female,Very Satisfied,1980
21903,1988,2,2,Female,Moderately Satisfied,1980
21937,1988,2,1,Female,Very Satisfied,1980
21975,1988,1,2,Male,Moderately Satisfied,1980
21977,1988,2,1,Female,Very Satisfied,1980
21995,1988,2,3,Female,A Little Dissatisfied,1980
22016,1988,2,2,Female,Moderately Satisfied,1980
22047,1988,2,1,Female,Very Satisfied,1980
22049,1988,2,4,Female,Very Dissatisfied,1980
22054,1988,1,2,Male,Moderately Satisfied,1980
22055,1988,1,2,Male,Moderately Satisfied,1980
22062,1988,1,2,Male,Moderately Satisfied,1980
22067,1988,2,1,Female,Very Satisfied,1980
22118,1988,2,2,Female,Moderately Satisfied,1980
22122,1988,1,1,Male,Very Satisfied,1980
22128,1988,2,1,Female,Very Satisfied,1980
22168,1988,2,2,Female,Moderately Satisfied,1980
22187,1988,2,2,Female,Moderately Satisfied,1980
22194,1988,2,1,Female,Very Satisfied,1980
22197,1988,2,2,Female,Moderately Satisfied,1980
22237,1988,2,1,Female,Very Satisfied,1980
22241,1988,2,1,Female,Very Satisfied,1980
22262,1988,2,1,Female,Very Satisfied,1980
22266,1988,1,1,Male,Very Satisfied,1980
22271,1988,2,3,Female,A Little Dissatisfied,1980
22297,1988,2,1,Female,Very Satisfied,1980
22303,1988,2,2,Female,Moderately Satisfied,1980
22328,1988,2,1,Female,Very Satisfied,1980
22348,1988,2,1,Female,Very Satisfied,1980
22364,1988,2,1,Female,Very Satisfied,1980
22372,1988,1,1,Male,Very Satisfied,1980
22415,1988,2,1,Female,Very Satisfied,1980
22449,1988,2,2,Female,Moderately Satisfied,1980
22469,1988,2,1,Female,Very Satisfied,1980
22501,1988,2,1,Female,Very Satisfied,1980
22504,1988,2,1,Female,Very Satisfied,1980
22570,1988,1,2,Male,Moderately Satisfied,1980
22735,1988,2,2,Female,Moderately Satisfied,1980
22747,1988,2,1,Female,Very Satisfied,1980
22750,1988,2,2,Female,Moderately Satisfied,1980
22751,1988,2,2,Female,Moderately Satisfied,1980
22799,1988,2,1,Female,Very Satisfied,1980
22803,1988,1,1,Male,Very Satisfied,1980
22863,1988,1,4,Male,Very Dissatisfied,1980
22912,1988,1,1,Male,Very Satisfied,1980
22916,1988,1,1,Male,Very Satisfied,1980
22925,1988,1,1,Male,Very Satisfied,1980
22975,1988,2,2,Female,Moderately Satisfied,1980
22976,1988,2,2,Female,Moderately Satisfied,1980
22989,1988,2,2,Female,Moderately Satisfied,1980
22996,1988,2,3,Female,A Little Dissatisfied,1980
22997,1988,1,1,Male,Very Satisfied,1980
23009,1988,2,2,Female,Moderately Satisfied,1980
23013,1988,2,3,Female,A Little Dissatisfied,1980
23122,1988,2,1,Female,Very Satisfied,1980
23127,1988,2,1,Female,Very Satisfied,1980
23173,1988,2,2,Female,Moderately Satisfied,1980
23305,1988,2,1,Female,Very Satisfied,1980
23348,1988,2,3,Female,A Little Dissatisfied,1980
23358,1989,1,4,Male,Very Dissatisfied,1980
23376,1989,2,2,Female,Moderately Satisfied,1980
23377,1989,1,2,Male,Moderately Satisfied,1980
23395,1989,2,2,Female,Moderately Satisfied,1980
23407,1989,2,2,Female,Moderately Satisfied,1980
23413,1989,2,2,Female,Moderately Satisfied,1980
23432,1989,2,2,Female,Moderately Satisfied,1980
23520,1989,2,1,Female,Very Satisfied,1980
23596,1989,2,2,Female,Moderately Satisfied,1980
23634,1989,1,3,Male,A Little Dissatisfied,1980
23669,1989,2,1,Female,Very Satisfied,1980
23677,1989,2,2,Female,Moderately Satisfied,1980
23698,1989,2,1,Female,Very Satisfied,1980
23712,1989,2,1,Female,Very Satisfied,1980
23717,1989,2,2,Female,Moderately Satisfied,1980
23719,1989,2,2,Female,Moderately Satisfied,1980
23732,1989,2,2,Female,Moderately Satisfied,1980
23752,1989,2,1,Female,Very Satisfied,1980
23755,1989,2,3,Female,A Little Dissatisfied,1980
23756,1989,1,1,Male,Very Satisfied,1980
23768,1989,2,2,Female,Moderately Satisfied,1980
23771,1989,2,1,Female,Very Satisfied,1980
23790,1989,2,1,Female,Very Satisfied,1980
23803,1989,1,2,Male,Moderately Satisfied,1980
23805,1989,1,1,Male,Very Satisfied,1980
23858,1989,2,1,Female,Very Satisfied,1980
23923,1989,2,1,Female,Very Satisfied,1980
23934,1989,2,1,Female,Very Satisfied,1980
23952,1989,2,2,Female,Moderately Satisfied,1980
24009,1989,2,1,Female,Very Satisfied,1980
24010,1989,1,1,Male,Very Satisfied,1980
24015,1989,2,2,Female,Moderately Satisfied,1980
24022,1989,1,2,Male,Moderately Satisfied,1980
24024,1989,2,1,Female,Very Satisfied,1980
24034,1989,1,2,Male,Moderately Satisfied,1980
24036,1989,2,2,Female,Moderately Satisfied,1980
24041,1989,2,1,Female,Very Satisfied,1980
24042,1989,2,3,Female,A Little Dissatisfied,1980
24051,1989,2,2,Female,Moderately Satisfied,1980
24127,1989,2,1,Female,Very Satisfied,1980
24135,1989,2,1,Female,Very Satisfied,1980
24166,1989,2,1,Female,Very Satisfied,1980
24171,1989,2,2,Female,Moderately Satisfied,1980
24183,1989,2,1,Female,Very Satisfied,1980
24283,1989,2,2,Female,Moderately Satisfied,1980
24300,1989,2,1,Female,Very Satisfied,1980
24311,1989,2,1,Female,Very Satisfied,1980
24354,1989,2,3,Female,A Little Dissatisfied,1980
24415,1989,1,2,Male,Moderately Satisfied,1980
24460,1989,1,1,Male,Very Satisfied,1980
24480,1989,2,3,Female,A Little Dissatisfied,1980
24536,1989,2,1,Female,Very Satisfied,1980
24538,1989,2,4,Female,Very Dissatisfied,1980
24563,1989,2,1,Female,Very Satisfied,1980
24575,1989,2,1,Female,Very Satisfied,1980
24605,1989,2,1,Female,Very Satisfied,1980
24632,1989,2,3,Female,A Little Dissatisfied,1980
24663,1989,1,2,Male,Moderately Satisfied,1980
24665,1989,2,1,Female,Very Satisfied,1980
24689,1989,2,2,Female,Moderately Satisfied,1980
24772,1989,2,2,Female,Moderately Satisfied,1980
24806,1989,2,1,Female,Very Satisfied,1980
24869,1989,1,1,Male,Very Satisfied,1980
24954,1990,2,3,Female,A Little Dissatisfied,1990
25040,1990,2,1,Female,Very Satisfied,1990
25062,1990,2,1,Female,Very Satisfied,1990
25089,1990,2,1,Female,Very Satisfied,1990
25133,1990,1,3,Male,A Little Dissatisfied,1990
25171,1990,2,2,Female,Moderately Satisfied,1990
25188,1990,2,1,Female,Very Satisfied,1990
25189,1990,2,1,Female,Very Satisfied,1990
25199,1990,2,1,Female,Very Satisfied,1990
25212,1990,2,1,Female,Very Satisfied,1990
25220,1990,2,2,Female,Moderately Satisfied,1990
25237,1990,2,2,Female,Moderately Satisfied,1990
25239,1990,1,1,Male,Very Satisfied,1990
25241,1990,2,1,Female,Very Satisfied,1990
25270,1990,2,2,Female,Moderately Satisfied,1990
25351,1990,1,1,Male,Very Satisfied,1990
25370,1990,2,1,Female,Very Satisfied,1990
25373,1990,2,3,Female,A Little Dissatisfied,1990
25379,1990,2,1,Female,Very Satisfied,1990
25390,1990,2,1,Female,Very Satisfied,1990
25430,1990,2,1,Female,Very Satisfied,1990
25461,1990,2,1,Female,Very Satisfied,1990
25534,1990,2,1,Female,Very Satisfied,1990
25636,1990,2,1,Female,Very Satisfied,1990
25663,1990,2,1,Female,Very Satisfied,1990
25670,1990,2,1,Female,Very Satisfied,1990
25789,1990,1,2,Male,Moderately Satisfied,1990
25824,1990,2,2,Female,Moderately Satisfied,1990
25825,1990,2,2,Female,Moderately Satisfied,1990
25899,1990,2,2,Female,Moderately Satisfied,1990
25901,1990,2,1,Female,Very Satisfied,1990
25941,1990,2,1,Female,Very Satisfied,1990
26024,1990,2,1,Female,Very Satisfied,1990
26043,1990,2,1,Female,Very Satisfied,1990
26112,1990,2,1,Female,Very Satisfied,1990
26149,1990,2,2,Female,Moderately Satisfied,1990
26171,1990,2,1,Female,Very Satisfied,1990
